District Area,Gross Area,Saleable Area,Lease Price,Page Number
North Point,150,140,6800,1
Yau Tong,,352,15000,1
Tai Kok Tsui,,280,5000,1
Tai Kok Tsui,,257,13000,1
Hung Shui Kiu,,451,12300,1
Tin Shui Wai,824,636,13800,1
Tung Chung,,471,15000,1
Shaukeiwan,,1055,44000,1
Tung Chung,,1717,55000,1
Ma Wan,736,570,17500,1
Yau Ma Tei,,660,31800,1
Sai Ying Pun,,320,19000,1
Western Mid-levels,,1732,128000,1
Ma Wan,,537,15500,1
Tsuen Wan,,384,15000,1
Ma Wan,678,523,15000,2
Tsuen Wan,,348,18000,2
Tsing Yi,,368,12000,2
Lohas Park District,,307,13300,2
Ma Wan,,366,12400,2
To Kwa Wan,,258,14000,2
Wan Chai,,250,14800,2
Yuen Long,700,600,9300,2
North Point,150,126,6300,2
Tai Wai,1273,,3300,2
Sai Ying Pun,150,120,5900,2
Tsing Yi,,202,11800,2
Cheung Sha Wan,,790,37000,2
Tsing Yi,,463,16000,2
Sheung Wan,,419,22000,2
Ma Wan,706,537,15500,3
Tai Po,,100,4300,3
Tsing Yi,,538,19800,3
Kai Tak,,486,23000,3
Ho Man Tin,,160,8500,3
Tsim Sha Tsui,,170,8000,3
Tsing Yi,1041,778,26800,3
Yuen Long,,381,12200,3
Olympic,609,457,18800,3
Kennedy Town,,315,22000,3
Fortress Hill,,230,9800,3
To Kwa Wan,,303,15500,3
Yuen Long,,440,10500,3
Ma Wan,742,583,17000,3
Tin Shui Wai,,446,12000,3
Ma Wan,,718,25000,4
Tin Shui Wai,,550,13000,4
Yuen Long,609,460,12800,4
Ma Wan,,1418,39000,4
Kowloon Tong,,1732,68000,4
Causeway Bay,,1112,45000,4
Tsing Yi,656,523,21000,4
Ma Wan,,598,17000,4
Shek Tong Tsui,,339,15000,4
Sheung Wan,,354,20000,4
Ma Wan,694,531,13000,4
Tai Kok Tsui,,320,15000,4
Tai Wai,1273,1080,5500,4
Ma Wan,735,575,17500,4
Tsing Yi,,666,23500,4
Tsuen Wan,511,445,14500,5
Yuen Long,2100,,38000,5
Tsing Yi,687,499,18600,5
Sham Shui Po,,250,11800,5
Sham Shui Po,,150,4200,5
Ma Wan,,520,16800,5
Tai Po,1400,,25800,5
Mei Foo,883,664,21000,5
Quarry Bay,,264,10800,5
Wan Chai,,427,15500,5
Tsing Yi,,653,25500,5
Tsing Yi,,703,22800,5
North Point,260,230,11800,5
Aberdeen,342,236,10900,5
Ma Wan,735,575,17500,5
Cheung Sha Wan,388,246,12800,6
Tsing Yi,,368,12000,6
Tsing Yi,,501,16000,6
Tai Po,,1774,59000,6
Shatin,925,670,20000,6
Wan Chai,,364,19000,6
Cheung Sha Wan,,790,36000,6
Nam Cheong,,352,18500,6
Sheung Wan,430,330,16800,6
Tsing Yi,478,368,12500,6
Sai Ying Pun,,399,18800,6
Tin Shui Wai,,80,3980,6
Shaukeiwan,,462,14800,6
Tsing Yi,,512,18500,6
Kwun Tong,,120,4000,6
Ma Wan,1001,781,22180,7
Yuen Long,,674,15500,7
To Kwa Wan,,258,14800,7
Tsing Yi,,670,23900,7
Tsing Yi,,538,17800,7
Tsing Yi,,666,24800,7
Ma Wan,653,490,13500,7
Sham Shui Po,,180,7000,7
Ma Wan,,843,22000,7
Tsing Yi,,207,12000,7
Quarry Bay,474,391,14500,7
Hung Hom,,200,7500,7
Tsing Yi,,328,11800,7
Tsing Yi,,499,19000,7
Tsing Yi,,653,26000,7
Tuen Mun Castle Peak Road,700,535,14800,8
Tuen Mun Castle Peak Road,1138,875,24800,8
Tuen Mun Castle Peak Road,888,685,15800,8
Tsing Yi,,368,11900,8
Kai Tak,,642,26000,8
Tsing Yi,,343,13000,8
Tsing Yi,,343,12800,8
Tsing Yi,,343,13600,8
Tsing Yi,,451,14500,8
Tsing Yi,,690,17200,8
Tung Chung,,896,25000,8
Tsing Yi,,538,19000,8
Tsing Yi,,471,16000,8
Tung Chung,,899,25500,8
Tai Wai,1275,958,5500,8
Tung Chung,,563,16500,9
Tsing Yi,,499,18500,9
Tsing Yi,,202,12500,9
Ma Wan,,794,24000,9
Tsing Yi,,256,16000,9
Cheung Sha Wan,,332,18000,9
Cheung Sha Wan,,408,19000,9
Mong Kok,,312,16000,9
Nam Cheong,,362,18000,9
Wan Chai,,439,22000,9
Shaukeiwan,,527,23500,9
Mong Kok,70,70,3000,9
Ma Wan,653,490,13300,9
Causeway Bay,,230,10800,9
Ma Wan,488,360,13800,9
Mong Kok,,100,5100,10
Ma Wan,,781,22300,10
Ma Wan,,490,13500,10
Tsing Yi,,366,13000,10
Yuen Long,700,,11700,10
Tung Chung,,1377,45000,10
North Point,403,297,14300,10
Tai Kok Tsui,,251,15000,10
Tsing Yi,654,522,16800,10
Tung Chung,,1034,28000,10
Ma Wan,653,490,13500,10
Fanling,,90,4380,10
Kwai Fong,,418,16000,10
Causeway Bay,,24,3200,10
Tai Kok Tsui,,372,16000,10
Yuen Long,1400,,10000,11
Tsing Yi,,329,12000,11
Causeway Bay,,160,11800,11
Yuen Long,350,,8000,11
Wan Chai,150,,7800,11
Yuen Long,,700,15500,11
Kowloon Bay,,390,16800,11
Clear Water Bay,,1965,72000,11
Ma Wan,488,360,13500,11
Tsuen Wan,,512,21800,11
Tsuen Wan,,518,21800,11
Tung Chung,,1034,29000,11
Tung Chung,,874,23800,11
North Point Mid,,857,37000,11
Yuen Long,700,700,5800,11
Sai Kung,,433,18000,12
Hung Shui Kiu,,205,8800,12
Hung Hom,,877,36800,12
Yuen Long,,310,10500,12
Kennedy Town,655,491,26000,12
Yuen Long,,356,9300,12
Tsim Sha Tsui,,200,7900,12
Tsim Sha Tsui,,190,8800,12
Cheung Sha Wan,,226,13000,12
Tsim Sha Tsui,268,232,12600,12
Lohas Park District,,307,13500,12
Yau Tong,,237,13000,12
Kai Tak,,509,21800,12
Kowloon Bay,,469,14800,12
Chai Wan,,290,9800,12
Quarry Bay,,469,14500,13
Kai Tak,,229,15300,13
Wan Chai,,720,19800,13
Cheung Sha Wan,,322,18500,13
Tai Kok Tsui,600,,15600,13
Wan Chai,,495,18200,13
Wan Chai,,495,18700,13
Wan Chai,,300,16000,13
Mong Kok,,407,18800,13
Ho Man Tin,,1202,50000,13
Ngau Chi Wan,,1225,40000,13
Southern District,5500,5283,400000,13
Tung Chung,,484,16000,13
Tung Chung,,1263,38000,13
Ma Wan,981,759,24000,13
Shek Tong Tsui,,100,7000,14
Yuen Long,,700,12800,14
Wan Chai,,262,14500,14
To Kwa Wan,,255,13800,14
Kennedy Town,,120,7300,14
Ma Wan,653,490,14800,14
Tung Chung,,531,16500,14
Yuen Long,700,,10500,14
Ma Wan,,476,14500,14
Quarry Bay,,297,17000,14
Cheung Sha Wan,,198,13500,14
Yuen Long,,700,13000,14
Tung Chung,,874,23800,14
Tsing Yi,,691,26800,14
Tung Chung,,563,16500,14
Tseung Kwan O,749,538,16799,15
Ma Wan,679,520,14500,15
Kwai Chung,,282,9800,15
Tsing Yi,,511,17000,15
Tung Chung,,1160,32000,15
Ma Wan,678,523,15000,15
Causeway Bay,,687,32000,15
Kowloon Bay,486,368,14500,15
Ma Wan,,476,14800,15
North Point Mid,1850,1650,68000,15
Mong Kok,,100,4800,15
Ma On Shan,,2100,43000,15
Tung Chung,,638,19000,15
Ma Wan,1001,781,22800,15
Ma Wan,672,505,14500,15
Tung Chung,,563,16000,16
Ma Wan,,591,16800,16
Ma Wan,,505,15000,16
Tsuen Wan,,1366,52000,16
Tung Chung,,1035,29000,16
Tsim Sha Tsui,,350,16800,16
Tsing Yi,485,368,12500,16
Hung Hom,,216,12000,16
Tsing Yi,683,488,14800,16
Kowloon Bay,,356,14000,16
Ho Man Tin,995,792,29500,16
Jordan,886,665,18800,16
Tsing Yi,485,368,12500,16
Tung Chung,,1035,29000,16
Kowloon City,2795,2152,110000,16
Cheung Sha Wan,,100,4500,17
Yuen Long,2100,,38000,17
North Point Mid,1198,1065,45000,17
Tung Chung,,388,14200,17
Kwun Tong,,391,14500,17
Happy Valley,531,382,24800,17
Ma Wan,,759,24000,17
Prince Edward,160,150,6500,17
Ma Wan,653,490,13500,17
Ma Wan,803,591,16800,17
Tsing Yi,,328,11500,17
Mong Kok,,200,8200,17
Tung Chung,1050,804,21000,17
Diamond Hill,230,180,9800,17
Lohas Park District,,368,15000,17
Tung Chung,,896,24500,18
Yuen Long,,495,13500,18
Quarry Bay,,451,14900,18
Nam Cheong,,354,20800,18
Ma Wan,498,378,13800,18
Wan Chai,,120,8500,18
Yau Ma Tei,,120,6000,18
Fortress Hill,,180,9500,18
Prince Edward,,100,4800,18
Kennedy Town,1004,752,43000,18
Tung Chung,,1034,30000,18
Tung Chung,,453,15700,18
Tung Chung,,563,16000,18
Hung Hom,,375,18000,18
Yau Ma Tei,,147,5100,18
Ma Wan,622,476,15000,19
Wan Chai,,120,7700,19
Quarry Bay,692,570,21000,19
Mei Foo,1753,1361,63000,19
Tsuen Wan,,769,28500,19
Tin Shui Wai,130,,5900,19
Tai Kok Tsui,,249,16000,19
Fotan,2379,1703,68000,19
Yuen Long,,301,9600,19
Tsuen Wan,,1163,42000,19
Causeway Bay,,100,8000,19
Ma Wan,1027,794,24000,19
Sai Wan Ho,,494,23000,19
Sham Shui Po,,507,21000,19
Kennedy Town,,668,34000,19
Tung Chung,,539,19500,20
Tuen Mun,,325,12000,20
Ho Man Tin,,1506,56000,20
Ma Wan,,1451,55000,20
Jordan,,100,4500,20
Sham Shui Po,,220,10500,20
Tsing Yi,433,328,12800,20
Kowloon Station,2316,1842,180000,20
Jordan,,160,9800,20
Tung Chung,1028,771,22000,20
Yuen Long,,583,13800,20
Sai Wan Ho,,328,17000,20
Shatin,,2038,69800,20
Tung Chung,1023,759,21500,20
Tuen Mun Castle Peak Road,,312,9000,20
Tin Shui Wai,,550,12000,21
Cheung Sha Wan,,790,37000,21
Mong Kok,,180,10000,21
Tsuen Wan,,773,26500,21
Tsuen Wan,,773,26500,21
Kennedy Town,,456,32500,21
Kwun Tong,,717,28800,21
Ma Wan,,490,14000,21
Sai Ying Pun,,618,28000,21
Tsim Sha Tsui,70,70,5000,21
Ma Wan,498,378,15800,21
Ma Wan,,505,14800,21
Tsing Yi,686,499,17800,21
Ma Wan,,794,24000,21
To Kwa Wan,757,549,22500,21
Jordan,340,231,13800,22
Tung Chung,,2355,58000,22
Nam Cheong,,436,24500,22
Sai Wan Ho,,652,23000,22
Ma Wan,,531,14000,22
Hung Hom,,194,12000,22
To Kwa Wan,,250,12500,22
Mei Foo,881,676,28800,22
Tuen Mun,670,478,12600,22
North Point,150,130,6800,22
Ma Wan,694,531,13500,22
Tsing Yi,,703,22800,22
Yuen Long,,477,18800,22
Kennedy Town,619,438,25500,22
Mei Foo,,511,18500,22
Quarry Bay,,380,13500,23
Yuen Long,,573,14800,23
Yuen Long,,443,13800,23
Tsing Yi,,703,23000,23
Ma Wan,,366,12400,23
Tsing Yi,638,451,14500,23
Tsim Sha Tsui,100,,5500,23
Tin Shui Wai,,441,11000,23
Sheung Wan,300,,16000,23
Ma Wan,,614,17000,23
Kowloon Tong,,280,12000,23
North Point,120,110,5000,23
Tai Kok Tsui,,369,16000,23
Lai Chi Kok,,511,18500,23
Kowloon Bay,462,390,14500,23
Western Mid-levels,430,300,17000,24
Wan Chai,,330,18800,24
Yuen Long,,1400,25000,24
Ma Wan,,490,16500,24
Ma Wan,742,583,17000,24
To Kwa Wan,,258,14800,24
Tsim Sha Tsui,,140,6800,24
Ma Wan,803,591,18600,24
Tuen Mun,,88,3980,24
Ma Wan,1828,1418,38000,24
Tsuen Wan,667,582,19000,24
Tsuen Wan,672,508,19700,24
To Kwa Wan,,333,16000,24
Mong Kok,150,100,5000,24
Mong Kok,,180,7900,24
Yuen Long,,1400,15000,25
Wan Chai,,405,22800,25
Mong Kok,,150,8200,25
Ho Man Tin,,585,26500,25
Ma Wan,,583,17000,25
Ma Wan,,607,18000,25
Nam Cheong,,350,18000,25
Hung Hom,,247,14500,25
Tsuen Wan,,660,22800,25
Tsuen Wan,,530,21000,25
Tsuen Wan,518,451,14500,25
Tsuen Wan,,508,19700,25
Hung Hom,,313,15000,25
Tsuen Wan,,769,28500,25
North Point,,180,9500,25
Tsuen Wan,,777,26500,26
Quarry Bay,380,301,12000,26
Tsing Yi,,703,23000,26
Quarry Bay,,330,10500,26
Tai Wai,,350,19000,26
Kai Tak,,515,23000,26
Ho Man Tin,,578,31000,26
Tsim Sha Tsui,,160,8300,26
Ho Man Tin,1460,1114,60000,26
North Point,180,140,8500,26
Ma Wan,706,537,15500,26
Yuen Long,,442,10500,26
Ho Man Tin,,586,26800,26
To Kwa Wan,,595,24000,26
To Kwa Wan,,202,5000,26
Wan Chai,,890,36000,27
Tsim Sha Tsui,,210,9200,27
Tsing Yi,,463,15500,27
Kowloon Bay,,356,13800,27
Yuen Long,,700,9900,27
Sheung Wan,,170,8500,27
Tuen Mun Castle Peak Road,,429,12500,27
Yau Ma Tei,,250,10200,27
Tin Shui Wai,,512,12500,27
Ma Wan,,794,25500,27
Yuen Long,,468,13000,27
Wan Chai,,274,14200,27
Ma Wan,,837,23000,27
Ma Wan,678,532,16500,27
Tung Chung,,694,56000,27
Nam Cheong,,346,19000,28
Tai Po,,350,8000,28
Tsing Yi,432,343,13500,28
Tsing Yi,,653,25800,28
Ma Wan,742,583,17800,28
Hung Shui Kiu,,462,12500,28
Kwun Tong,,150,3680,28
Ma On Shan,,695,20000,28
Yau Tong,,352,15000,28
Hung Hom,,241,13800,28
Yuen Long,,543,15000,28
Quarry Bay,,200,11800,28
Tsing Yi,,546,16500,28
Ma Wan,,476,14800,28
Mong Kok,700,600,2900,28
Wan Chai,300,231,8000,29
Tsim Sha Tsui,150,100,6000,29
Tsuen Wan,667,582,19000,29
Yuen Long,,195,9000,29
Kowloon Tong,,1979,90000,29
Causeway Bay,,343,16500,29
Tung Chung,,694,22000,29
Tsing Yi,,703,22500,29
Yau Tong,,237,13000,29
Tsim Sha Tsui,,140,7500,29
Causeway Bay,120,,8300,29
Tsing Yi,,525,16000,29
Tsing Yi,,490,14300,29
Ma Wan,488,360,13000,29
Yuen Long,,443,11300,29
Tsing Yi,683,488,13500,30
Yuen Long,,337,13500,30
Causeway Bay,180,,11000,30
North Point,,327,15000,30
Tsim Sha Tsui,140,140,7800,30
Tung Chung,,874,25000,30
Mong Kok,,110,5500,30
Tai Kok Tsui,130,100,6500,30
Kennedy Town,948,716,38000,30
Causeway Bay,,145,11500,30
Causeway Bay,,150,11200,30
Prince Edward,,170,11200,30
Jordan,,220,13000,30
Mong Kok,,320,16500,30
Sai Ying Pun,,170,11800,30
Central,,220,14200,31
Wan Chai,,180,11500,31
Happy Valley,,210,13500,31
North Point,,328,13800,31
Prince Edward,,180,11000,31
Jordan,,200,12500,31
Wan Chai,,420,16000,31
Wan Chai,,520,20800,31
North Point,,185,12200,31
Wan Chai,,240,14000,31
Sham Shui Po,,190,9800,31
Wan Chai,,260,15800,31
Whampoa,,100,7200,31
Mong Kok,,120,5700,31
Tung Chung,,548,19500,31
Causeway Bay,100,,6800,32
Jordan,,150,6800,32
Tung Chung,1090,803,27000,32
Tsuen Wan,,527,21500,32
Tsuen Wan,,534,20800,32
Ma Wan,,512,15800,32
Cheung Sha Wan,,431,19000,32
Kennedy Town,1048,790,34000,32
Tsing Yi,,365,14000,32
Sai Ying Pun,500,,10500,32
Sai Ying Pun,130,,3700,32
Tsing Yi,,564,14500,32
Ma Wan,,807,24000,32
Sham Shui Po,,140,8000,32
Tsuen Wan,,525,23000,32
Tung Chung,949,694,21500,33
Tsing Yi,,368,13500,33
Tsim Sha Tsui,,150,7000,33
Jordan,110,,5000,33
Western Mid-levels,,755,33000,33
Wan Chai,,120,7500,33
North Point,,653,26800,33
To Kwa Wan,,260,15500,33
Tsing Yi,,504,19000,33
Ma Wan,,570,17500,33
Ma Wan,1828,1418,39000,33
To Kwa Wan,,479,18000,33
Ma Wan,694,531,13800,33
Tsuen Wan,,393,18000,33
Tung Chung,,453,16300,33
Jordan,,150,6600,34
Tuen Mun Castle Peak Road,,437,12800,34
Mong Kok,,256,10000,34
Yuen Long,2100,,38000,34
Kai Tak,,293,16500,34
Tsim Sha Tsui,180,160,8900,34
Tung Chung,,1046,30500,34
Causeway Bay,180,150,8300,34
Fotan,,511,19600,34
Ma Wan,,591,16380,34
Ma Wan,,537,14800,34
Kai Tak,,459,21000,34
Ma Wan,775,591,16378,34
Ma Wan,707,549,17000,34
Kai Tak,,461,24500,34
Tin Shui Wai,,1400,23000,35
Tsing Yi,,512,19300,35
Tsuen Wan,667,582,19000,35
Hung Hom,,198,11800,35
Tai Kok Tsui,499,348,15800,35
Ma Wan,706,537,15300,35
Yuen Long,692,538,15000,35
Shatin,,2597,150000,35
Tsuen Wan,,483,15000,35
Tsing Yi,,343,13500,35
Ma Wan,653,490,13000,35
Yuen Long,700,,12800,35
Kwai Chung,666,493,17000,35
Tsim Sha Tsui,,200,8500,35
Tsuen Wan,,582,19000,35
Tsuen Wan,197,138,2800,36
Mong Kok,,75,4500,36
Yuen Long,,411,12000,36
Ma Wan,,848,23500,36
Ma Wan,,794,26000,36
Kwai Fong,486,397,14000,36
Mong Kok,350,300,13000,36
Prince Edward,,240,6800,36
Tung Chung,,548,16000,36
Yuen Long,,403,12500,36
Tsuen Wan,,421,19800,36
Tsuen Wan,,801,31800,36
Wan Chai,,100,6800,36
Tsing Yi,,564,14300,36
Tsing Yi,432,343,13500,36
Yuen Long,700,600,9300,37
Tsing Yi,478,368,12500,37
Tsing Yi,656,523,19000,37
Hung Shui Kiu,,282,8400,37
Quarry Bay,,391,16000,37
Causeway Bay,,160,8300,37
Tsing Yi,478,368,12500,37
Causeway Bay,,180,9500,37
Tuen Mun,,700,11000,37
Yuen Long,700,,15000,37
Tung Chung,,546,16500,37
Wan Chai,,359,15300,37
North Point,,200,7900,37
Ma Wan,,848,25000,37
Quarry Bay,,160,9200,37
Lohas Park District,,307,13800,38
Tung Chung,,1440,59000,38
Tung Chung,696,485,16800,38
Tung Chung,,1033,30000,38
Tai Po,,532,18000,38
Ho Man Tin,,130,9500,38
Sai Ying Pun,,140,10800,38
Jordan,,165,10500,38
Happy Valley,,130,10500,38
Prince Edward,,200,11500,38
Tung Chung,804,592,17300,38
Prince Edward,,640,23000,38
North Point,,135,10800,38
Lohas Park District,,555,21000,38
Tsing Yi,,478,13800,38
Mong Kok,,315,15500,39
Yau Ma Tei,,489,2800,39
Lohas Park District,,343,16000,39
Kennedy Town,,180,9000,39
Tung Chung,,485,16800,39
North Point,,652,25000,39
Prince Edward,,120,5200,39
Sham Shui Po,188,150,6000,39
Tung Chung,,527,16500,39
Kai Tak,,266,16000,39
Tsing Yi,432,343,13500,39
Ma Wan,488,360,13500,39
Taikoo Shing,,714,32000,39
Tin Shui Wai,,498,12000,39
Yuen Long,,1405,48000,39
Tung Chung,,565,16000,40
Taikoo Shing,,897,37000,40
Tsing Yi,,202,12800,40
Sham Shui Po,,507,21000,40
Tsing Yi,681,511,15000,40
Mong Kok,,260,21000,40
Yuen Long,,1405,48000,40
Yuen Long,700,630,11500,40
Yuen Long,400,360,6800,40
Wan Chai,135,100,6300,40
Prince Edward,,260,11000,40
Tsuen Wan,380,250,3900,40
Tsuen Wan,,1149,43000,40
Tsuen Wan,,538,21800,40
Cheung Sha Wan,,495,18800,40
Sai Ying Pun,,353,24000,41
Mong Kok,,360,9300,41
Yuen Long,,443,10500,41
Tseung Kwan O,711,543,20000,41
Causeway Bay,,525,17800,41
North Point,130,120,5000,41
Ho Man Tin,,586,26500,41
Ma Wan,678,523,15000,41
Ma Wan,,781,23000,41
Tung Chung,2312,1717,55800,41
Tung Chung,2312,1717,55000,41
Ma Wan,,574,15000,41
Hung Shui Kiu,,205,8800,41
Tsing Yi,,488,14500,41
Tsim Sha Tsui,,620,29500,41
Tung Chung,1175,874,24500,42
Cheung Sha Wan,,790,35000,42
Ma Wan,706,537,15800,42
Mong Kok,,404,17800,42
Tung Chung,1258,956,22000,42
Ma Wan,669,512,15800,42
Tung Chung,,592,17300,42
Yuen Long,,511,15000,42
Jordan,,170,7800,42
Yuen Long,,385,11500,42
Kowloon Station,712,518,34000,42
Tsim Sha Tsui,,130,9000,42
Mong Kok,,379,13000,42
To Kwa Wan,,479,17500,42
Kai Tak,,371,17500,42
Yuen Long,,410,10000,43
Ma Wan,680,518,16000,43
Kwai Chung,,460,16000,43
Sheung Shui,2628,1660,43000,43
Hung Hom,,150,7500,43
Tai Po,,458,13500,43
Mei Foo,,911,32000,43
Ma Wan,,520,15300,43
Baguio Villa,,976,39500,43
Tsuen Wan,,777,27000,43
Ma Wan,,591,16500,43
Tsuen Wan,,538,21000,43
Lam Tin,639,517,15500,43
Tsuen Wan,518,451,15000,43
Sai Ying Pun,488,249,9000,43
Tung Chung,,492,16500,44
Fanling,700,,9800,44
Tsing Yi,,478,13800,44
To Kwa Wan,,261,15000,44
North Point,,140,7700,44
Mei Foo,,934,32000,44
Shatin,,307,13800,44
Yau Ma Tei,,80,6000,44
Sai Ying Pun,,410,17300,44
South Lantau Island,466,373,13800,44
Kowloon City,,942,37000,44
Sai Ying Pun,457,354,18500,44
Hung Hom,670,527,21800,44
Whampoa,,470,19800,44
Hung Hom,,868,32000,44
Tin Shui Wai,709,546,13000,45
Tsing Yi,,703,23000,45
Kennedy Town,,668,35000,45
Kowloon Station,,1989,100000,45
Yau Tong,,460,19500,45
Sai Ying Pun,,269,17000,45
Lohas Park District,,495,17300,45
Tsuen Wan,,589,19000,45
Kowloon Station,,1061,56000,45
Tai Po,,1674,54000,45
Kowloon Station,,1058,52000,45
Sai Ying Pun,,763,50000,45
Kowloon Station,,635,37000,45
Kowloon Station,,1076,47000,45
Tsuen Wan,606,446,15000,45
Sham Shui Po,,249,13000,46
Tseung Kwan O,,552,20000,46
Tseung Kwan O,,503,19000,46
Kowloon Station,,934,39000,46
Kowloon Station,,794,35000,46
Kowloon Station,,1236,57000,46
Kowloon Station,,1054,47000,46
Kowloon Station,,774,36000,46
Tsim Sha Tsui,,778,39000,46
Tsim Sha Tsui,,487,22500,46
Mong Kok,,244,12800,46
Lohas Park District,,504,16800,46
Tuen Mun,,474,17000,46
Yau Ma Tei,180,,6900,46
Causeway Bay,,568,21000,46
Causeway Bay,,1264,40000,47
Hung Hom,597,453,18500,47
Yau Ma Tei,,200,6500,47
Wan Chai,,368,16000,47
Kennedy Town,,907,43000,47
Yau Tong,,931,26500,47
Tuen Mun,,624,15000,47
North Point,,229,11500,47
Tuen Mun,700,670,11500,47
Tuen Mun,,654,16500,47
To Kwa Wan,,180,7600,47
Mid-levels Central,,383,22000,47
Fanling,700,,8800,47
Kowloon Bay,486,356,15800,47
Tai Kok Tsui,632,457,17800,47
Mong Kok,,380,14900,48
Tai Po,,1692,65000,48
Kowloon Station,1369,1058,52000,48
Mong Kok,,190,7000,48
Tsim Sha Tsui,800,620,22800,48
Tsim Sha Tsui,,464,24500,48
Yau Tong,,450,20500,48
Sai Kung,2100,2100,40000,48
Yuen Long,700,650,10000,48
Yau Ma Tei,,140,6800,48
Wong Tai Sin,458,307,13000,48
Sai Wan Ho,,277,17600,48
Tai Po,377,296,10800,48
Kennedy Town,781,581,31800,48
Causeway Bay,,130,8900,48
Cheung Sha Wan,,790,37800,49
Sai Kung,,2100,63000,49
Sai Kung,,1400,40000,49
Wan Chai,,449,32000,49
Fotan,893,684,30000,49
Yau Tong,,261,13800,49
Causeway Bay,,322,12800,49
Kennedy Town,766,586,32800,49
Tsuen Wan,,638,17990,49
Tsuen Wan,,922,24000,49
Prince Edward,,322,15500,49
Yau Tong,,265,13500,49
Wan Chai,140,100,6800,49
Tsuen Wan,,219,10500,49
North Point,160,150,7500,49
Causeway Bay,,1190,40000,50
Ho Man Tin,,290,12500,50
Cheung Sha Wan,,350,11000,50
Tsim Sha Tsui,,534,20000,50
Olympic,,455,18500,50
Tsuen Wan,,765,30000,50
Tseung Kwan O,,484,18000,50
Olympic,,459,19000,50
Olympic,,758,37000,50
Tseung Kwan O,,606,18000,50
Yuen Long,,1405,46800,50
Sheung Shui,,351,9800,50
Tung Chung,,546,16000,50
Tuen Mun Castle Peak Road,,950,20000,50
Yuen Long,,700,9000,50
Mong Kok,,233,8000,51
Tuen Mun,,600,18000,51
Tai Po,700,700,13000,51
Kowloon City,,1150,38000,51
Tai Po,80,80,4500,51
Kwun Tong,,238,9900,51
Shaukeiwan,,565,28000,51
To Kwa Wan,,333,15500,51
Ho Man Tin,,1237,54800,51
Sheung Wan,,288,15500,51
Tai Kok Tsui,,333,18000,51
Ho Man Tin,,1142,56000,51
Sai Wan Ho,,210,13800,51
To Kwa Wan,500,423,14800,51
To Kwa Wan,,130,4300,51
Olympic,617,455,18500,52
Olympic,,457,18800,52
Tsim Sha Tsui,,400,18000,52
Fanling,700,700,9500,52
Sham Shui Po,,202,11000,52
Nam Cheong,,380,22500,52
Causeway Bay,,278,16000,52
Sheung Shui,,700,11000,52
Kwai Chung,,190,7500,52
Tin Shui Wai,576,442,11500,52
Hung Hom,,370,16500,52
Kwai Chung,,120,5100,52
Causeway Bay,430,322,13000,52
Yuen Long,850,848,27000,52
Quarry Bay,,300,19000,52
To Kwa Wan,490,419,15500,53
Tsing Yi,700,,15800,53
Tsuen Wan,,777,27000,53
Ho Man Tin,,1976,87000,53
Yuen Long,,700,9800,53
Causeway Bay,,390,20800,53
Kowloon Station,528,398,24500,53
Tai Wai,380,260,10000,53
Shatin,,1819,69800,53
Cheung Sha Wan,,527,19800,53
Tai Wai,499,306,10800,53
North Point,720,580,22800,53
Kowloon Station,,513,32000,53
Kwun Tong,,180,7200,53
Kowloon Station,,962,57000,53
Western Mid-levels,806,646,31000,54
Sham Shui Po,,180,5000,54
North Point,,823,43000,54
North Point,,287,18500,54
Sai Wan Ho,,393,20000,54
Happy Valley,1800,1528,60000,54
Ho Man Tin,,733,26000,54
Causeway Bay,526,390,22000,54
Sai Wan Ho,911,662,35000,54
Tai Hang,1225,976,39000,54
Kennedy Town,582,457,19000,54
Wan Chai,354,288,16500,54
Fortress Hill,762,652,30000,54
Taikoo Shing,1237,1114,47000,54
Quarry Bay,635,473,25000,54
Mid-levels Central,783,652,38000,55
Tai Po,,700,15500,55
Tai Wai,1103,842,32000,55
Tsuen Wan,165,155,5800,55
Yuen Long,100,100,2600,55
Fortress Hill,788,585,22800,55
Yuen Long,354,266,9600,55
Olympic,,791,39800,55
Kowloon City,,1128,36500,55
Olympic,,465,20800,55
Lok Fu,,367,9500,55
Quarry Bay,,506,16500,55
Sai Kung,2100,2100,45000,55
To Kwa Wan,,285,10500,55
Sham Shui Po,,248,14000,55
North Point,160,160,7800,56
Hung Hom,,331,12800,56
Happy Valley,,656,27000,56
Kennedy Town,,907,43000,56
Olympic,,792,38800,56
Tsing Yi,,498,22000,56
Tai Po,,860,19500,56
Yau Ma Tei,,417,18000,56
Tai Po,,847,21000,56
Yuen Long,700,630,13000,56
Tuen Mun,,150,6000,56
Kowloon Station,715,513,29500,56
Discovery Bay,868,776,15000,56
Yau Tong,,535,18000,56
Fanling,700,,10800,56
Tsing Yi,,522,17300,57
Shatin,,419,16800,57
Tai Wai,,482,15000,57
To Kwa Wan,,839,28000,57
Hung Hom,,1084,45000,57
Kai Tak,,605,26800,57
Tai Wai,,330,14000,57
Shatin,,1602,59000,57
Ma On Shan,1005,763,22500,57
To Kwa Wan,,525,18500,57
To Kwa Wan,,551,20500,57
Ho Man Tin,,551,27000,57
Sai Wan Ho,,294,10000,57
Tuen Mun,550,550,8800,57
Tsuen Wan,,524,21500,57
To Kwa Wan,,427,17300,58
Kennedy Town,500,361,14800,58
North Point,890,709,19500,58
Tsuen Wan,,1163,41000,58
Whampoa,734,649,24500,58
Tsim Sha Tsui,,150,8800,58
Lohas Park District,901,674,17600,58
Tuen Mun,,301,10500,58
Yuen Long,400,385,8300,58
Quarry Bay,,608,19500,58
Causeway Bay,,877,31000,58
Shatin,,451,16500,58
Tuen Mun Castle Peak Road,1135,874,20000,58
Tuen Mun Castle Peak Road,,320,9800,58
Tung Chung,,544,15500,58
Yuen Long,,280,10500,59
Hung Hom,,280,9400,59
To Kwa Wan,,580,18800,59
To Kwa Wan,,664,27000,59
Sheung Wan,,260,16000,59
Kennedy Town,963,710,43000,59
Causeway Bay,,521,21000,59
Yuen Long,,400,7000,59
Hung Hom,381,381,17500,59
Kowloon Station,,939,42000,59
Tai Wai,,637,20000,59
Fotan,,974,29500,59
Tai Wai,,741,28000,59
Tsim Sha Tsui,,778,40000,59
Tsim Sha Tsui,,487,23000,59
Sham Shui Po,,584,19800,60
Taikoo Shing,675,580,23500,60
Ho Man Tin,,1252,48000,60
Tsim Sha Tsui,718,487,23000,60
Tai Wai,,254,12800,60
Tai Wai,1273,961,35000,60
Tai Wo,,400,13500,60
Yau Ma Tei,900,712,20000,60
Cheung Sha Wan,,495,18800,60
Kowloon Tong,,1026,44000,60
Tung Chung,,771,23000,60
Ho Man Tin,2342,1753,75000,60
Sai Wan Ho,,490,20000,60
To Kwa Wan,296,248,8500,60
Shatin,539,381,12800,60
Mong Kok,180,150,7100,61
Tsing Yi,700,,14800,61
Quarry Bay,,290,19000,61
Quarry Bay,,632,23800,61
Yau Tong,,460,19800,61
Tsing Yi,,518,20000,61
Mid-levels Central,,3621,400000,61
North Point,463,327,15000,61
Causeway Bay,,180,8000,61
Tsim Sha Tsui,850,650,22000,61
Kennedy Town,648,481,19000,61
Prince Edward,,350,11000,61
Kwun Tong,,350,12800,61
Hung Hom,,268,17000,61
Wan Chai,,452,26000,61
Wan Chai,,584,35500,62
Yuen Long,,450,7800,62
Kowloon City,2289,1791,56800,62
Tin Shui Wai,,700,9500,62
Tsuen Wan,,423,22500,62
Ngau Tau Kok,,305,10500,62
Tseung Kwan O,,892,36000,62
Kowloon Station,528,398,24500,62
Prince Edward,,318,16000,62
Tseung Kwan O,,805,34500,62
Kowloon Station,530,404,30000,62
Tuen Mun Castle Peak Road,,956,33000,62
Tsuen Wan,,451,16300,62
Yau Ma Tei,,490,15200,62
Tsuen Wan,500,,9800,62
Yuen Long,,280,5600,63
Sham Shui Po,,150,7000,63
Shaukeiwan,,331,15500,63
Kowloon Station,1365,1060,52000,63
To Kwa Wan,585,427,17200,63
Kennedy Town,,369,19000,63
Shaukeiwan,,331,15000,63
Tsing Yi,,299,13800,63
Wan Chai,,680,32800,63
Quarry Bay,489,384,17000,63
Kennedy Town,,580,28000,63
Kennedy Town,610,449,22000,63
Yuen Long,,850,27000,63
Tsing Yi,,202,12500,63
Tai Wai,,358,19500,63
Wong Chuk Hang,,751,35000,64
Tsing Yi,,443,14900,64
Tsing Yi,,501,16000,64
Fanling,550,,8500,64
Kowloon City,,612,23800,64
Hung Hom,,473,23500,64
Tseung Kwan O,970,738,18300,64
Quarry Bay,,325,15500,64
Fotan,1738,1322,48000,64
Lam Tin,932,748,22000,64
Tai Wai,,346,15000,64
Tuen Mun,,235,7500,64
Cheung Sha Wan,,790,37000,64
Tuen Mun,780,700,10000,64
Causeway Bay,,510,22000,64
Kwun Tong,,607,23500,65
Olympic,,474,19800,65
Prince Edward,,268,11800,65
Kai Tak,,426,18000,65
Tsuen Wan,518,451,14000,65
To Kwa Wan,1505,1090,36000,65
Yuen Long,400,400,5800,65
Yuen Long,,700,12800,65
Tsing Yi,,538,19500,65
North Point,,456,16800,65
Yuen Long,621,475,14500,65
Cheung Sha Wan,,459,20800,65
Tsing Yi,,501,17000,65
Tsuen Wan,,110,6000,65
Cheung Sha Wan,,226,9700,65
Tsuen Wan,,100,5600,66
Tsuen Wan,,120,6200,66
Tung Chung,,453,16000,66
Sheung Wan,,150,9200,66
Kowloon Station,712,518,33000,66
Hung Hom,,453,18500,66
Wan Chai,,189,12000,66
Whampoa,,777,27800,66
Sham Shui Po,,120,6000,66
Sheung Shui,,427,8800,66
Yuen Long,300,280,7500,66
Tsuen Wan,363,248,12000,66
Tai Wai,,662,18200,66
Kwun Tong,,828,33500,66
Quarry Bay,,219,13700,66
Yau Ma Tei,,130,6900,67
Tuen Mun Castle Peak Road,811,617,18800,67
Yau Tong,,520,17000,67
Tsing Yi,,700,15000,67
Tuen Mun,,455,12000,67
Tsuen Wan,,435,18000,67
Yuen Long,,600,8000,67
Kai Tak,,778,33000,67
Tin Shui Wai,,446,11500,67
Shatin,100,,5000,67
Tsuen Wan,,420,15000,67
Cheung Sha Wan,,527,19800,67
Mong Kok,,535,19500,67
Shaukeiwan,,331,15000,67
To Kwa Wan,846,616,22500,67
Shatin,,660,21000,68
Sai Wan Ho,,247,15000,68
To Kwa Wan,523,385,15800,68
Causeway Bay,,493,19200,68
Kowloon Station,,976,55000,68
Yau Tong,,688,22500,68
Tai Po,,467,17000,68
Tai Kok Tsui,,265,17000,68
Tung Chung,,729,19800,68
Sham Shui Po,,283,15000,68
Jordan,,243,13000,68
Sai Wan Ho,,460,13300,68
Wan Chai,600,403,19800,68
Sham Shui Po,,279,12500,68
Whampoa,825,729,25000,68
Mong Kok,,560,19500,69
Tai Kok Tsui,,340,15000,69
Tsuen Wan,,522,23000,69
Causeway Bay,,493,19200,69
Shek Kip Mei,,224,10500,69
Shaukeiwan,,670,26000,69
Yuen Long,300,240,6500,69
Tsim Sha Tsui,,540,30000,69
Wan Chai,,369,16800,69
Tuen Mun Castle Peak Road,,956,29000,69
Yau Yat Tsuen,,1516,55000,69
Cheung Sha Wan,,1001,54000,69
Sai Kung,2243,1862,53000,69
Shatin,,660,21000,69
Yau Tong,,666,25000,69
Yau Tong,,627,23000,70
Tuen Mun,500,480,9300,70
Tuen Mun,,250,6000,70
Sheung Shui,220,210,3300,70
Tung Chung,,453,15900,70
North Point,,220,8500,70
Cheung Sha Wan,,527,20800,70
Tsuen Wan,,512,24000,70
Wan Chai,,192,15500,70
Sheung Wan,,420,14800,70
Tin Hau,,815,28000,70
Tuen Mun,2100,2100,39999,70
Ho Man Tin,,733,26000,70
Causeway Bay,,1112,45000,70
Tuen Mun Castle Peak Road,,875,26000,70
Quarry Bay,,218,13800,71
Tsing Yi,,471,16500,71
Yuen Long,,230,4800,71
Tsuen Wan,,525,21500,71
Cheung Sha Wan,,1123,30000,71
Yuen Long,,276,9000,71
Kwai Fong,,418,16000,71
Cheung Sha Wan,,538,22500,71
Ma On Shan,,1238,37000,71
Tsim Sha Tsui,718,494,25000,71
Wan Chai,,283,13000,71
Kennedy Town,400,319,11000,71
Hung Hom,392,306,15300,71
Quarry Bay,458,382,15000,71
Quarry Bay,539,388,15500,71
Mong Kok,,535,19500,72
Tung Chung,,471,15000,72
Mong Kok,,281,16200,72
Sai Kung,400,,9500,72
Hung Hom,,808,38000,72
Yau Tong,,688,21300,72
Olympic,,574,25500,72
Tuen Mun,,700,10800,72
Kennedy Town,557,401,20000,72
Prince Edward,,968,45000,72
To Kwa Wan,,319,15000,72
Tuen Mun Castle Peak Road,307,307,9600,72
Shatin,,2162,62500,72
Wan Chai,,203,13000,72
Yuen Long,700,700,12800,72
Shatin,,465,16000,73
Kwai Chung,,282,10700,73
Tin Shui Wai,,667,16000,73
Tin Shui Wai,,597,16000,73
Kai Tak,,356,18500,73
Prince Edward,110,,7000,73
Yuen Long,700,700,11600,73
Yau Tong,,275,14500,73
Sheung Shui,2100,2100,33000,73
North Point,,200,9800,73
Yuen Long,,1400,11000,73
Mei Foo,933,700,22800,73
Ho Man Tin,,1074,50000,73
Kowloon Station,,1062,53000,73
North Point,,542,18800,73
Mid-levels Central,,864,44800,74
Yau Tong,,445,17800,74
Quarry Bay,728,605,22000,74
Quarry Bay,420,258,10500,74
Tai Po,1426,1108,32000,74
Wan Chai,,355,16000,74
Sai Ying Pun,,390,24000,74
Quarry Bay,562,463,19800,74
Yuen Long,,700,10500,74
Yuen Long,700,700,8000,74
Kennedy Town,529,401,14500,74
Wan Chai,445,367,16000,74
Yau Tong,890,666,24800,74
Sham Shui Po,,150,5600,74
Tai Wai,,209,9500,74
Tai Wai,,242,9980,75
Causeway Bay,,493,19200,75
Kennedy Town,619,482,24000,75
Kowloon Station,,794,36000,75
Yau Tong,,517,16800,75
Cheung Sha Wan,,332,18000,75
North Point,,542,16300,75
Mid-levels Central,,758,68000,75
Kennedy Town,666,487,26500,75
Olympic,742,561,21800,75
Yau Tong,,261,14500,75
Shatin,562,451,16500,75
Hung Hom,,471,24000,75
Tsim Sha Tsui,800,630,20000,75
Sham Shui Po,,200,7300,75
Fotan,,554,22000,76
North Point,,294,13800,76
Tuen Mun,405,229,7900,76
Kennedy Town,,496,26000,76
Sham Shui Po,,90,3700,76
Tsim Sha Tsui,,80,4900,76
Sham Shui Po,,110,5300,76
Sham Shui Po,,140,3800,76
Hung Hom,,602,23000,76
Lohas Park District,,463,16500,76
Lohas Park District,,368,15500,76
Yau Ma Tei,1207,,34800,76
Shatin,514,401,13500,76
Jordan,,300,12800,76
Hung Hom,1074,807,30000,76
Yuen Long,220,220,5200,77
Tin Shui Wai,,635,13800,77
Kwun Tong,,614,16500,77
Tai Kok Tsui,,251,15800,77
Shaukeiwan,,274,16000,77
Fanling,532,385,11200,77
Lohas Park District,,729,18500,77
Kowloon Bay,386,282,13500,77
Tai Hang,,170,11500,77
Tsuen Wan,,445,16000,77
Kowloon Tong,,639,35000,77
Quarry Bay,,261,9800,77
Quarry Bay,,372,11500,77
Yau Tong,,261,14300,77
Sai Wan Ho,,329,17800,77
Tseung Kwan O,,470,18500,78
Causeway Bay,,498,20000,78
Whampoa,469,389,17500,78
Tsim Sha Tsui,,120,7300,78
Wan Chai,,350,18800,78
Tsuen Wan,,515,15500,78
Wan Chai,,684,38000,78
Ma On Shan,,798,29000,78
Causeway Bay,657,508,28000,78
Wan Chai,981,684,46000,78
Western Mid-levels,658,506,23000,78
Wong Chuk Hang,,934,50000,78
Sai Wan Ho,689,490,23000,78
Sai Wan Ho,976,737,37000,78
Happy Valley,787,635,33000,78
Sai Ying Pun,642,518,28000,79
Taikoo Shing,876,759,32000,79
Wan Chai,,591,37800,79
Jordan,,350,11800,79
Wan Chai,,395,16300,79
Sheung Wan,,100,9500,79
Tuen Mun Castle Peak Road,688,519,14000,79
Jordan,,690,3300,79
Tsuen Wan,,451,16300,79
Ho Man Tin,,1202,50000,79
Yau Tong,,547,22500,79
Yau Tong,,535,18000,79
Tai Po,,1105,31800,79
Tai Wai,,314,15000,79
Yau Tong,,283,13800,79
Kwun Tong,,100,5000,80
Olympic,,550,22000,80
Tuen Mun,,330,9800,80
Tai Po,,620,23800,80
Quarry Bay,465,386,15800,80
Yau Yat Tsuen,,1732,88000,80
Quarry Bay,752,596,22000,80
Fotan,,594,22000,80
Fotan,,673,27800,80
Tseung Kwan O,,530,18000,80
Tung Chung,749,565,17000,80
Kwun Tong,,550,18000,80
Kwun Tong,,318,13000,80
Hung Hom,,539,21800,80
Quarry Bay,,219,13700,80
Wan Chai,,489,26000,81
Tuen Mun,350,350,7900,81
Yuen Long,606,460,12800,81
Nam Cheong,,350,19000,81
Tsuen Wan,,1365,51000,81
Mong Kok,,309,15800,81
Causeway Bay,450,343,15000,81
Wan Chai,,367,16000,81
Tseung Kwan O,,363,17000,81
Tsuen Wan,700,,13800,81
Whampoa,,649,24000,81
Tai Kok Tsui,,524,21000,81
Tuen Mun,,426,11500,81
Ma On Shan,,369,13900,81
Quarry Bay,,297,16900,81
Mong Kok,110,90,4800,82
Sheung Shui,1400,1260,21000,82
Cheung Sha Wan,,423,13800,82
Lam Tin,783,614,19800,82
Lam Tin,489,420,13800,82
Causeway Bay,,493,19200,82
Ho Man Tin,964,653,33000,82
Cheung Sha Wan,,100,3800,82
Quarry Bay,,466,16800,82
Sham Shui Po,,584,19800,82
Yuen Long,,700,10800,82
Ap Lei Chau,,267,12800,82
Fanling,700,650,9200,82
To Kwa Wan,,400,12000,82
Yuen Long,200,180,3600,82
Lam Tin,,614,19800,83
Fanling,,400,6800,83
Jordan,,115,7400,83
Tai Po,,494,17200,83
Kennedy Town,600,432,21800,83
Tai Po,,596,23000,83
Cheung Sha Wan,,1001,56000,83
To Kwa Wan,,449,17500,83
Kwai Chung,,493,17500,83
Cheung Sha Wan,,267,12500,83
Kennedy Town,,396,29000,83
Kowloon Bay,,460,16800,83
Kwun Tong,,742,20000,83
Causeway Bay,210,160,8000,83
Olympic,,477,21000,83
Kwun Tong,,614,16500,84
Mong Kok,,305,14000,84
Fotan,,673,28000,84
Ngau Tau Kok,,520,12800,84
Olympic,,472,18999,84
Kennedy Town,627,464,23500,84
Tsuen Wan,595,465,15000,84
Causeway Bay,,170,8800,84
Ho Man Tin,,689,30000,84
Tseung Kwan O,,518,20000,84
Lohas Park District,,791,27500,84
Sham Shui Po,,130,4900,84
Lohas Park District,,942,32000,84
Sham Shui Po,,206,9600,84
Yuen Long,450,,7500,84
Yuen Long,700,,10500,85
Yuen Long,1350,,12500,85
Yuen Long,700,,9800,85
Yuen Long,,500,7900,85
Tai Po,,750,18500,85
Tung Chung,,1034,31000,85
Whampoa,,765,25000,85
Kennedy Town,446,349,22800,85
Shaukeiwan,,257,8200,85
North Point,,519,24000,85
North Point,,951,25000,85
Kai Tak,,519,18800,85
Fotan,,696,26800,85
Prince Edward,,409,14800,85
Kowloon Station,1403,1087,58000,85
Kai Tak,,505,25500,86
Tai Wai,1224,934,35800,86
Hung Shui Kiu,,530,13500,86
Mong Kok,,415,15900,86
Tung Chung,,563,16500,86
Kowloon Bay,,282,12600,86
Mong Kok,,150,7100,86
Tung Chung,1013,749,21000,86
Ma On Shan,,489,19000,86
Tai Wo,,447,12800,86
Sai Wan Ho,,247,15000,86
Kowloon Bay,462,390,15000,86
Yuen Long,,443,14800,86
Yuen Long,1200,1000,11800,86
Sai Kung,,1400,49800,86
Hung Hom,683,545,23000,87
Tai Po,80,80,3500,87
Kwun Tong,,593,23000,87
Fanling,,413,12800,87
Sham Shui Po,100,100,4800,87
San Po Kong,600,600,3900,87
Yuen Long,2100,2100,32000,87
Tin Shui Wai,,250,4980,87
Tin Shui Wai,,639,12900,87
Yuen Long,,422,13800,87
Tai Po,,519,19000,87
Wan Chai,,530,29500,87
Yuen Long,,100,4000,87
Tsuen Wan,,759,28000,87
Tsuen Wan,,530,16800,87
Olympic,,550,22000,88
Wan Chai,,591,23500,88
Mid-levels Central,,559,28000,88
Tai Wai,832,641,18500,88
Tsuen Wan,,350,16500,88
Sai Ying Pun,1186,879,52000,88
Tsuen Wan,,610,17000,88
Shatin,1461,1087,38700,88
To Kwa Wan,,331,14500,88
Kwun Tong,,592,23500,88
Fotan,,1226,45800,88
Shaukeiwan,,257,13800,88
Nam Cheong,,270,15500,88
Kai Tak,,266,13800,88
Fotan,,696,26000,88
Fanling,,422,14000,89
Tsuen Wan,,150,7500,89
Fanling,547,392,11000,89
Nam Cheong,,362,19300,89
Kowloon City,,856,26000,89
Ho Man Tin,,200,7600,89
Wan Chai,,442,19500,89
Shatin,990,725,19800,89
Kai Tak,,459,21500,89
Tsim Sha Tsui,,2260,148000,89
North Point,,542,16500,89
Hung Hom,,952,38000,89
North Point,,356,12800,89
Tsuen Wan,,376,15000,89
Hung Hom,,490,23000,89
Hung Hom,,807,30000,90
Yau Ma Tei,,464,18800,90
Tin Shui Wai,150,120,5000,90
Tsim Sha Tsui,,180,9900,90
Mong Kok,,404,17500,90
Tai Po,464,394,13800,90
Fanling,700,630,9500,90
Prince Edward,,433,15800,90
Ho Man Tin,,665,31000,90
Tsim Sha Tsui,,120,7000,90
Tuen Mun,381,308,8900,90
Tseung Kwan O,658,499,15500,90
Yuen Long,,972,25000,90
Tuen Mun,317,234,8800,90
Tin Shui Wai,,441,10000,90
Tin Shui Wai,,547,12000,91
Tsuen Wan,580,424,14800,91
Yuen Long,700,700,10800,91
Hung Hom,,760,26800,91
Tung Chung,984,734,19800,91
Ho Man Tin,,1018,51000,91
Mong Kok,347,214,12200,91
Cheung Sha Wan,,316,15500,91
Clear Water Bay,,300,9500,91
Shatin,507,390,17500,91
Yau Tong,,266,13000,91
Causeway Bay,602,493,19200,91
Tai Wai,543,482,16000,91
Quarry Bay,,574,19000,91
Shatin,,304,13500,91
Tsim Sha Tsui,150,130,8800,92
To Kwa Wan,,460,12900,92
Yau Yat Tsuen,,809,27000,92
Ho Man Tin,,1753,75000,92
Shatin,,2107,66800,92
Aberdeen,,298,11000,92
Ho Man Tin,,2018,120000,92
Shatin,700,700,18500,92
Tung Chung,,879,26500,92
Tai Kok Tsui,600,375,13700,92
Whampoa,469,389,17500,92
Ho Man Tin,1500,1294,52000,92
Prince Edward,,968,44500,92
Sai Kung,,1650,60000,92
Yuen Long,850,848,30000,92
Ho Man Tin,,1753,75000,93
Kowloon Tong,,1777,64000,93
Tsim Sha Tsui,,273,13200,93
Tseung Kwan O,,841,37000,93
Yuen Long,700,600,10700,93
Hung Hom,,272,15000,93
Quarry Bay,,335,13500,93
Tai Po,,404,21000,93
Tai Po,,1422,49000,93
Shatin,,645,22000,93
Lam Tin,,612,19800,93
Whampoa,,389,17000,93
Tsuen Wan,,216,13300,93
Yuen Long,,440,13000,93
Cheung Sha Wan,,304,13000,93
Fortress Hill,,186,9500,94
Kwun Tong,577,,17000,94
Lohas Park District,1298,974,25000,94
Lohas Park District,1326,994,25000,94
Causeway Bay,,186,8588,94
North Point,,263,16800,94
Tsuen Wan,926,704,20500,94
Tsuen Wan,700,,11800,94
Shatin,700,,12800,94
Hung Hom,681,539,24500,94
Nam Cheong,,1514,73000,94
Tsuen Wan,700,,12000,94
Shatin,,427,16800,94
Yau Tong,,270,14500,94
Yuen Long,700,700,15500,94
Tai Po,,310,5900,95
Tung Chung,,572,18000,95
Hung Hom,,561,23500,95
Sham Shui Po,,711,24800,95
Yuen Long,,443,11000,95
Yau Tong,,261,13800,95
Tai Wai,,260,12000,95
Causeway Bay,,160,9600,95
Mei Foo,1233,911,32000,95
Yau Tong,,237,13000,95
Mei Foo,635,457,16800,95
Wan Chai,180,140,8000,95
Mei Foo,854,633,18500,95
Mei Foo,947,704,23800,95
Taikoo Shing,680,587,22000,95
Hung Hom,683,545,22000,96
North Point,,278,12500,96
Yuen Long,,1400,16300,96
Kai Tak,,443,22800,96
Mong Kok,,180,7100,96
Yuen Long,,700,6800,96
Sham Shui Po,,130,5600,96
Kowloon Tong,,657,26500,96
Tuen Mun,,100,3980,96
Kai Tak,,766,32800,96
Yau Tong,,544,17500,96
Tai Hang,,387,22000,96
Lohas Park District,,568,19500,96
Wan Chai,,663,43000,96
Wan Chai,,302,17000,96
Kwun Tong,,290,11800,97
Tai Hang,,213,10500,97
Olympic,,541,25000,97
North Point,,183,9200,97
Tai Po,,646,22000,97
Wan Chai,,198,11000,97
Kowloon Bay,344,265,10800,97
Tsim Sha Tsui,,1271,68000,97
Whampoa,469,389,17800,97
Yuen Long,,300,6800,97
Fortress Hill,595,525,22800,97
Tuen Mun,150,,3900,97
Fortress Hill,,537,17800,97
Tin Shui Wai,700,,9300,97
Yuen Long,1138,840,27000,97
North Point,,140,5500,98
Tai Kok Tsui,,322,15000,98
Yuen Long,700,650,10500,98
To Kwa Wan,,621,23000,98
Yuen Long,1050,1035,32000,98
Tai Hang,,302,11500,98
Tsuen Wan,786,668,16500,98
Yau Tong,,291,13800,98
Siu Sai Wan,,608,23300,98
Tai Po,,296,10800,98
Quarry Bay,,383,16500,98
Lam Tin,538,469,13800,98
Causeway Bay,,322,12800,98
Lohas Park District,,675,17000,98
Shatin,,467,17000,98
Hung Hom,735,590,23800,99
Wan Chai,,371,16300,99
Kwun Tong,,460,18880,99
Tsuen Wan,,329,10800,99
Cheung Sha Wan,,790,37000,99
North Point,,407,15800,99
Causeway Bay,,390,20000,99
Tuen Mun,700,653,12500,99
Sai Kung,1400,,35000,99
Tsim Sha Tsui,,520,27000,99
Shatin,,2038,69800,99
Sham Shui Po,,300,8500,99
Fanling,519,370,10000,99
Shatin,,764,23500,99
Wan Chai,,585,34800,99
